"DateTime","Sensor_id","Vendor","SensorModel","LAT","LONG","Zone","Temp_C","Temp_F","Humidity","DewPoint_C","DewPoint_F","Pressure_Pa","AlertTriggered","SensorStatus"
21-04-26 00:03:04,"63e0b0eae3495a39","ATT","AQM-01-00-01-00-01-00-GY",29.51007,-98.580288,"Medical Center",19,67,87,16.785266444253033,62.21347959965546,976,"NA","Normal"
21-04-26 00:13:07,"63e0b0eae3495a39","ATT","AQM-01-00-01-00-01-00-GY",29.51007,-98.580288,"Medical Center",19,67,87,16.785266444253033,62.21347959965546,976,"NA","Normal"
21-04-26 00:23:09,"63e0b0eae3495a39","ATT","AQM-01-00-01-00-01-00-GY",29.51007,-98.580288,"Medical Center",19,67,87,16.785266444253033,62.21347959965546,976,"NA","Normal"
21-04-26 00:33:10,"63e0b0eae3495a39","ATT","AQM-01-00-01-00-01-00-GY",29.51007,-98.580288,"Medical Center",19,67,87,16.785266444253033,62.21347959965546,976,"NA","Normal"
21-04-26 00:43:13,"63e0b0eae3495a39","ATT","AQM-01-00-01-00-01-00-GY",29.51007,-98.580288,"Medical Center",19,67,86,16.603091861987185,61.885565351576936,976,"NA","Normal"
21-04-26 00:53:17,"63e0b0eae3495a39","ATT","AQM-01-00-01-00-01-00-GY",29.51007,-98.580288,"Medical Center",20,67,86,17.584852598593137,63.65273467746765,976,"NA","Normal"
21-04-26 01:03:19,"63e0b0eae3495a39","ATT","AQM-01-00-01-00-01-00-GY",29.51007,-98.580288,"Medical Center",20,67,85,17.399413438507345,63.31894418931322,976,"NA","Normal"
21-04-26 01:13:20,"63e0b0eae3495a39","ATT","AQM-01-00-01-00-01-00-GY",29.51007,-98.580288,"Medical Center",20,68,85,17.399413438507345,63.31894418931322,976,"NA","Normal"
21-04-26 01:23:20,"63e0b0eae3495a39","ATT","AQM-01-00-01-00-01-00-GY",29.51007,-98.580288,"Medical Center",20,67,85,17.399413438507345,63.31894418931322,976,"NA","Normal"
21-04-26 01:33:21,"63e0b0eae3495a39","ATT","AQM-01-00-01-00-01-00-GY",29.51007,-98.580288,"Medical Center",20,68,85,17.399413438507345,63.31894418931322,976,"NA","Normal"
21-04-26 01:43:21,"63e0b0eae3495a39","ATT","AQM-01-00-01-00-01-00-GY",29.51007,-98.580288,"Medical Center",20,67,85,17.399413438507345,63.31894418931322,976,"NA","Normal"
21-04-26 01:52:23,"63e0b0eae3495a39","ATT","AQM-01-00-01-00-01-00-GY",29.51007,-98.580288,"Medical Center",20,67,86,17.584852598593137,63.65273467746765,976,"NA","Normal"
21-04-26 02:02:24,"63e0b0eae3495a39","ATT","AQM-01-00-01-00-01-00-GY",29.51007,-98.580288,"Medical Center",20,68,85,17.399413438507345,63.31894418931322,976,"NA","Normal"
21-04-26 02:12:24,"63e0b0eae3495a39","ATT","AQM-01-00-01-00-01-00-GY",29.51007,-98.580288,"Medical Center",20,68,85,17.399413438507345,63.31894418931322,976,"NA","Normal"
21-04-26 02:12:24,"63e0b0eae3495a39","ATT","AQM-01-00-01-00-01-00-GY",29.51007,-98.580288,"Medical Center",20,68,85,17.399413438507345,63.31894418931322,976,"NA","Normal"
21-04-26 02:22:24,"63e0b0eae3495a39","ATT","AQM-01-00-01-00-01-00-GY",29.51007,-98.580288,"Medical Center",20,68,85,17.399413438507345,63.31894418931322,976,"NA","Normal"
21-04-26 02:32:25,"63e0b0eae3495a39","ATT","AQM-01-00-01-00-01-00-GY",29.51007,-98.580288,"Medical Center",20,68,84,17.212047995093755,62.981686391168765,976,"NA","Normal"
21-04-26 02:42:25,"63e0b0eae3495a39","ATT","AQM-01-00-01-00-01-00-GY",29.51007,-98.580288,"Medical Center",20,69,84,17.212047995093755,62.981686391168765,976,"NA","Normal"
21-04-26 02:52:25,"63e0b0eae3495a39","ATT","AQM-01-00-01-00-01-00-GY",29.51007,-98.580288,"Medical Center",21,69,83,18.000168128266296,64.40030263087934,976,"NA","Normal"
21-04-26 03:02:30,"63e0b0eae3495a39","ATT","AQM-01-00-01-00-01-00-GY",29.51007,-98.580288,"Medical Center",21,70,81,17.61251196906083,63.70252154430949,976,"NA","Normal"
21-04-26 03:12:30,"63e0b0eae3495a39","ATT","AQM-01-00-01-00-01-00-GY",29.51007,-98.580288,"Medical Center",21,70,81,17.61251196906083,63.70252154430949,976,"NA","Normal"
21-04-26 03:22:31,"63e0b0eae3495a39","ATT","AQM-01-00-01-00-01-00-GY",29.51007,-98.580288,"Medical Center",21,71,79,17.216356141238332,62.989441054229,976,"NA","Normal"
21-04-26 03:32:32,"63e0b0eae3495a39","ATT","AQM-01-00-01-00-01-00-GY",29.51007,-98.580288,"Medical Center",21,71,79,17.216356141238332,62.989441054229,976,"NA","Normal"
21-04-26 03:42:35,"63e0b0eae3495a39","ATT","AQM-01-00-01-00-01-00-GY",29.51007,-98.580288,"Medical Center",22,71,79,18.18785772214855,64.7381438998674,976,"NA","Normal"
21-04-26 03:52:39,"63e0b0eae3495a39","ATT","AQM-01-00-01-00-01-00-GY",29.51007,-98.580288,"Medical Center",21,70,78,17.0149636959924,62.62693465278632,977,"NA","Normal"
21-04-26 04:02:42,"63e0b0eae3495a39","ATT","AQM-01-00-01-00-01-00-GY",29.51007,-98.580288,"Medical Center",22,72,77,17.77976508860486,64.00357715948874,976,"NA","Normal"
21-04-26 04:12:47,"63e0b0eae3495a39","ATT","AQM-01-00-01-00-01-00-GY",29.51007,-98.580288,"Medical Center",22,72,75,17.362255255175217,63.25205945931539,976,"NA","Normal"
21-04-26 04:22:50,"63e0b0eae3495a39","ATT","AQM-01-00-01-00-01-00-GY",29.51007,-98.580288,"Medical Center",23,73,75,18.327511566877888,64.98952082038019,976,"NA","Normal"
21-04-26 04:32:55,"63e0b0eae3495a39","ATT","AQM-01-00-01-00-01-00-GY",29.51007,-98.580288,"Medical Center",24,74,71,18.414562552184417,65.14621259393195,976,"NA","Normal"
21-04-26 04:42:58,"63e0b0eae3495a39","ATT","AQM-01-00-01-00-01-00-GY",29.51007,-98.580288,"Medical Center",23,74,70,17.231230844373624,63.01621551987252,976,"NA","Normal"
21-04-26 04:53:03,"63e0b0eae3495a39","ATT","AQM-01-00-01-00-01-00-GY",29.51007,-98.580288,"Medical Center",24,75,69,17.959117344162586,64.32641121949266,976,"NA","Normal"
21-04-26 05:03:03,"63e0b0eae3495a39","ATT","AQM-01-00-01-00-01-00-GY",29.51007,-98.580288,"Medical Center",24,76,67,17.49192875353475,63.48547175636255,976,"NA","Normal"
21-04-26 05:13:08,"63e0b0eae3495a39","ATT","AQM-01-00-01-00-01-00-GY",29.51007,-98.580288,"Medical Center",25,77,66,18.20376028576065,64.76676851436918,976,"NA","Normal"
21-04-26 05:23:11,"63e0b0eae3495a39","ATT","AQM-01-00-01-00-01-00-GY",29.51007,-98.580288,"Medical Center",24,76,66,17.25372346910806,63.05670224439451,976,"NA","Normal"
21-04-26 05:33:11,"63e0b0eae3495a39","ATT","AQM-01-00-01-00-01-00-GY",29.51007,-98.580288,"Medical Center",25,77,65,17.960599216563505,64.32907858981432,976,"NA","Normal"
21-04-26 05:43:11,"63e0b0eae3495a39","ATT","AQM-01-00-01-00-01-00-GY",29.51007,-98.580288,"Medical Center",25,77,65,17.960599216563505,64.32907858981432,976,"NA","Normal"
21-04-26 05:53:12,"63e0b0eae3495a39","ATT","AQM-01-00-01-00-01-00-GY",29.51007,-98.580288,"Medical Center",26,78,62,18.153514209842918,64.67632557771725,976,"NA","Normal"
21-04-26 06:03:12,"63e0b0eae3495a39","ATT","AQM-01-00-01-00-01-00-GY",29.51007,-98.580288,"Medical Center",27,80,60,18.57070748244661,65.4272734684039,976,"NA","Normal"
21-04-26 06:13:12,"63e0b0eae3495a39","ATT","AQM-01-00-01-00-01-00-GY",29.51007,-98.580288,"Medical Center",27,80,59,18.302298160009205,64.94413668801657,976,"NA","Normal"
21-04-26 06:23:13,"63e0b0eae3495a39","ATT","AQM-01-00-01-00-01-00-GY",29.51007,-98.580288,"Medical Center",27,80,58,18.029864633816157,64.45375634086908,976,"NA","Normal"
21-04-26 06:33:13,"63e0b0eae3495a39","ATT","AQM-01-00-01-00-01-00-GY",29.51007,-98.580288,"Medical Center",28,82,56,18.40296964846459,65.12534536723626,976,"NA","Normal"
21-04-26 06:43:17,"63e0b0eae3495a39","ATT","AQM-01-00-01-00-01-00-GY",29.51007,-98.580288,"Medical Center",28,82,55,18.115604310597625,64.60808775907573,976,"NA","Normal"
21-04-26 06:53:18,"63e0b0eae3495a39","ATT","AQM-01-00-01-00-01-00-GY",29.51007,-98.580288,"Medical Center",28,83,55,18.115604310597625,64.60808775907573,976,"NA","Normal"
21-04-26 07:03:18,"63e0b0eae3495a39","ATT","AQM-01-00-01-00-01-00-GY",29.51007,-98.580288,"Medical Center",28,83,54,17.82361420687747,64.08250557237945,976,"NA","Normal"
21-04-26 07:13:18,"63e0b0eae3495a39","ATT","AQM-01-00-01-00-01-00-GY",29.51007,-98.580288,"Medical Center",29,84,52,18.14705896929495,64.66470614473091,976,"NA","Normal"
21-04-26 07:23:18,"63e0b0eae3495a39","ATT","AQM-01-00-01-00-01-00-GY",29.51007,-98.580288,"Medical Center",29,85,51,17.838004445467135,64.10840800184084,976,"NA","Normal"
21-04-26 07:33:18,"63e0b0eae3495a39","ATT","AQM-01-00-01-00-01-00-GY",29.51007,-98.580288,"Medical Center",30,86,49,18.118619874444747,64.61351577400055,976,"NA","Normal"
21-04-26 07:43:18,"63e0b0eae3495a39","ATT","AQM-01-00-01-00-01-00-GY",29.51007,-98.580288,"Medical Center",30,85,49,18.118619874444747,64.61351577400055,976,"NA","Normal"
21-04-26 07:53:18,"63e0b0eae3495a39","ATT","AQM-01-00-01-00-01-00-GY",29.51007,-98.580288,"Medical Center",30,86,48,17.790542662543324,64.02297679257798,975,"NA","Normal"
21-04-26 08:03:21,"63e0b0eae3495a39","ATT","AQM-01-00-01-00-01-00-GY",29.51007,-98.580288,"Medical Center",30,86,47,17.456407208029976,63.42153297445396,975,"NA","Normal"
21-04-26 08:13:25,"63e0b0eae3495a39","ATT","AQM-01-00-01-00-01-00-GY",29.51007,-98.580288,"Medical Center",30,86,49,18.118619874444747,64.61351577400055,975,"NA","Normal"
21-04-26 08:23:28,"63e0b0eae3495a39","ATT","AQM-01-00-01-00-01-00-GY",29.51007,-98.580288,"Medical Center",30,86,48,17.790542662543324,64.02297679257798,975,"NA","Normal"
21-04-26 08:33:30,"63e0b0eae3495a39","ATT","AQM-01-00-01-00-01-00-GY",29.51007,-98.580288,"Medical Center",31,88,45,17.674262003616512,63.81367160650972,975,"NA","Normal"
21-04-26 08:43:35,"63e0b0eae3495a39","ATT","AQM-01-00-01-00-01-00-GY",29.51007,-98.580288,"Medical Center",32,89,44,18.220448775848833,64.7968077965279,975,"NA","Normal"
21-04-26 08:53:40,"63e0b0eae3495a39","ATT","AQM-01-00-01-00-01-00-GY",29.51007,-98.580288,"Medical Center",31,87,45,17.674262003616512,63.81367160650972,975,"NA","Normal"
21-04-26 09:03:40,"63e0b0eae3495a39","ATT","AQM-01-00-01-00-01-00-GY",29.51007,-98.580288,"Medical Center",30,85,47,17.456407208029976,63.42153297445396,974,"NA","Normal"
21-04-26 09:13:42,"63e0b0eae3495a39","ATT","AQM-01-00-01-00-01-00-GY",29.51007,-98.580288,"Medical Center",29,85,49,17.203586502063654,62.96645570371457,974,"NA","Normal"
21-04-26 09:23:44,"63e0b0eae3495a39","ATT","AQM-01-00-01-00-01-00-GY",29.51007,-98.580288,"Medical Center",29,85,49,17.203586502063654,62.96645570371457,974,"NA","Normal"
21-04-26 09:33:45,"63e0b0eae3495a39","ATT","AQM-01-00-01-00-01-00-GY",29.51007,-98.580288,"Medical Center",30,86,47,17.456407208029976,63.42153297445396,974,"NA","Normal"
21-04-26 09:43:50,"63e0b0eae3495a39","ATT","AQM-01-00-01-00-01-00-GY",29.51007,-98.580288,"Medical Center",31,87,45,17.674262003616512,63.81367160650972,974,"NA","Normal"
21-04-26 09:53:51,"63e0b0eae3495a39","ATT","AQM-01-00-01-00-01-00-GY",29.51007,-98.580288,"Medical Center",31,87,44,17.317947114644614,63.17230480636031,974,"NA","Normal"
21-04-26 10:03:57,"63e0b0eae3495a39","ATT","AQM-01-00-01-00-01-00-GY",29.51007,-98.580288,"Medical Center",30,87,43,16.054130152314467,60.89743427416604,973,"NA","Normal"
21-04-26 10:13:59,"63e0b0eae3495a39","ATT","AQM-01-00-01-00-01-00-GY",29.51007,-98.580288,"Medical Center",30,87,42,15.685687430190404,60.234237374342726,973,"NA","Normal"
21-04-26 10:24:03,"63e0b0eae3495a39","ATT","AQM-01-00-01-00-01-00-GY",29.51007,-98.580288,"Medical Center",31,87,42,16.58344131598289,61.8501943687692,973,"NA","Normal"
21-04-26 10:34:04,"63e0b0eae3495a39","ATT","AQM-01-00-01-00-01-00-GY",29.51007,-98.580288,"Medical Center",31,88,42,16.58344131598289,61.8501943687692,973,"NA","Normal"
21-04-26 10:44:09,"63e0b0eae3495a39","ATT","AQM-01-00-01-00-01-00-GY",29.51007,-98.580288,"Medical Center",32,90,40,16.70964510847727,62.07736119525909,973,"NA","Normal"
21-04-26 10:54:17,"63e0b0eae3495a39","ATT","AQM-01-00-01-00-01-00-GY",29.51007,-98.580288,"Medical Center",33,91,39,17.200270587846852,62.960487058124336,973,"NA","Normal"
21-04-26 11:04:15,"63e0b0eae3495a39","ATT","AQM-01-00-01-00-01-00-GY",29.51007,-98.580288,"Medical Center",33,92,38,16.79000217866032,62.22200392158858,973,"NA","Normal"
21-04-26 11:14:16,"63e0b0eae3495a39","ATT","AQM-01-00-01-00-01-00-GY",29.51007,-98.580288,"Medical Center",33,91,40,17.601399694779875,63.68251945060378,973,"NA","Normal"
21-04-26 11:24:20,"63e0b0eae3495a39","ATT","AQM-01-00-01-00-01-00-GY",29.51007,-98.580288,"Medical Center",34,93,38,17.67584756993522,63.8165256258834,973,"NA","Normal"
21-04-26 11:34:27,"63e0b0eae3495a39","ATT","AQM-01-00-01-00-01-00-GY",29.51007,-98.580288,"Medical Center",33,92,39,17.200270587846852,62.960487058124336,973,"NA","Normal"
21-04-26 11:44:26,"63e0b0eae3495a39","ATT","AQM-01-00-01-00-01-00-GY",29.51007,-98.580288,"Medical Center",34,92,39,18.08891958437026,64.56005525186647,973,"NA","Normal"
21-04-26 11:54:32,"63e0b0eae3495a39","ATT","AQM-01-00-01-00-01-00-GY",29.51007,-98.580288,"Medical Center",34,93,38,17.67584756993522,63.8165256258834,972,"NA","Normal"
21-04-26 12:04:32,"63e0b0eae3495a39","ATT","AQM-01-00-01-00-01-00-GY",29.51007,-98.580288,"Medical Center",35,95,38,18.56131643906889,65.410369590324,972,"NA","Normal"
21-04-26 12:14:34,"63e0b0eae3495a39","ATT","AQM-01-00-01-00-01-00-GY",29.51007,-98.580288,"Medical Center",35,95,37,18.13571176472973,64.64428117651352,972,"NA","Normal"
21-04-26 12:24:39,"63e0b0eae3495a39","ATT","AQM-01-00-01-00-01-00-GY",29.51007,-98.580288,"Medical Center",34,93,38,17.67584756993522,63.8165256258834,972,"NA","Normal"
21-04-26 12:34:39,"63e0b0eae3495a39","ATT","AQM-01-00-01-00-01-00-GY",29.51007,-98.580288,"Medical Center",33,92,40,17.601399694779875,63.68251945060378,972,"NA","Normal"
21-04-26 12:44:48,"63e0b0eae3495a39","ATT","AQM-01-00-01-00-01-00-GY",29.51007,-98.580288,"Medical Center",34,93,38,17.67584756993522,63.8165256258834,972,"NA","Normal"
21-04-26 12:54:48,"63e0b0eae3495a39","ATT","AQM-01-00-01-00-01-00-GY",29.51007,-98.580288,"Medical Center",34,94,37,17.25311599096265,63.05560878373277,972,"NA","Normal"
21-04-26 13:04:53,"63e0b0eae3495a39","ATT","AQM-01-00-01-00-01-00-GY",29.51007,-98.580288,"Medical Center",33,92,38,16.79000217866032,62.22200392158858,972,"NA","Normal"
21-04-26 13:14:59,"63e0b0eae3495a39","ATT","AQM-01-00-01-00-01-00-GY",29.51007,-98.580288,"Medical Center",33,91,39,17.200270587846852,62.960487058124336,972,"NA","Normal"
21-04-26 13:24:59,"63e0b0eae3495a39","ATT","AQM-01-00-01-00-01-00-GY",29.51007,-98.580288,"Medical Center",32,89,41,17.09937955165706,62.778883192982704,972,"NA","Normal"
21-04-26 13:35:01,"63e0b0eae3495a39","ATT","AQM-01-00-01-00-01-00-GY",29.51007,-98.580288,"Medical Center",31,88,43,16.954446436700106,62.51800358606019,972,"NA","Normal"
21-04-26 13:45:05,"63e0b0eae3495a39","ATT","AQM-01-00-01-00-01-00-GY",29.51007,-98.580288,"Medical Center",32,90,41,17.09937955165706,62.778883192982704,972,"NA","Normal"
21-04-26 13:55:10,"63e0b0eae3495a39","ATT","AQM-01-00-01-00-01-00-GY",29.51007,-98.580288,"Medical Center",30,86,45,16.768963833545165,62.184134900381295,972,"NA","Normal"
21-04-26 14:05:09,"63e0b0eae3495a39","ATT","AQM-01-00-01-00-01-00-GY",29.51007,-98.580288,"Medical Center",28,83,50,16.60600910632045,61.89081639137681,972,"NA","Normal"
21-04-26 14:15:12,"63e0b0eae3495a39","ATT","AQM-01-00-01-00-01-00-GY",29.51007,-98.580288,"Medical Center",28,83,51,16.918220573662293,62.45279703259213,973,"NA","Normal"
21-04-26 14:25:28,"63e0b0eae3495a39","ATT","AQM-01-00-01-00-01-00-GY",29.51007,-98.580288,"Medical Center",28,82,52,17.22509904202806,63.00517827565051,973,"NA","Normal"
21-04-26 14:35:17,"63e0b0eae3495a39","ATT","AQM-01-00-01-00-01-00-GY",29.51007,-98.580288,"Medical Center",27,81,54,16.897146333642652,62.41486340055677,973,"NA","Normal"
21-04-26 14:45:26,"63e0b0eae3495a39","ATT","AQM-01-00-01-00-01-00-GY",29.51007,-98.580288,"Medical Center",27,80,56,17.472390596065303,63.45030307291755,973,"NA","Normal"
21-04-26 14:55:24,"63e0b0eae3495a39","ATT","AQM-01-00-01-00-01-00-GY",29.51007,-98.580288,"Medical Center",26,80,59,17.365548493658277,63.2579872885849,973,"NA","Normal"
21-04-26 15:05:26,"63e0b0eae3495a39","ATT","AQM-01-00-01-00-01-00-GY",29.51007,-98.580288,"Medical Center",26,79,60,17.632036709740795,63.73766607753343,973,"NA","Normal"
21-04-26 15:15:27,"63e0b0eae3495a39","ATT","AQM-01-00-01-00-01-00-GY",29.51007,-98.580288,"Medical Center",26,78,63,18.408735828051924,65.13572449049346,973,"NA","Normal"
21-04-26 15:22:07,"63e0b0eae3495a39","ATT","AQM-01-00-01-00-01-00-GY",29.51007,-98.580288,"Medical Center",25,77,64,17.71413072127296,63.88543529829133,973,"NA","Normal"
21-04-26 15:32:07,"63e0b0eae3495a39","ATT","AQM-01-00-01-00-01-00-GY",29.51007,-98.580288,"Medical Center",25,77,65,17.960599216563505,64.32907858981432,973,"NA","Normal"
21-04-26 15:42:08,"63e0b0eae3495a39","ATT","AQM-01-00-01-00-01-00-GY",29.51007,-98.580288,"Medical Center",25,77,67,18.44370784221457,65.19867411598622,973,"NA","Normal"
21-04-26 15:52:09,"63e0b0eae3495a39","ATT","AQM-01-00-01-00-01-00-GY",29.51007,-98.580288,"Medical Center",25,76,68,18.68053177501818,65.62495719503272,973,"NA","Normal"
21-04-26 16:02:09,"63e0b0eae3495a39","ATT","AQM-01-00-01-00-01-00-GY",29.51007,-98.580288,"Medical Center",24,76,69,17.959117344162586,64.32641121949266,973,"NA","Normal"
21-04-26 16:12:09,"63e0b0eae3495a39","ATT","AQM-01-00-01-00-01-00-GY",29.51007,-98.580288,"Medical Center",24,76,69,17.959117344162586,64.32641121949266,973,"NA","Normal"
21-04-26 16:22:15,"63e0b0eae3495a39","ATT","AQM-01-00-01-00-01-00-GY",29.51007,-98.580288,"Medical Center",24,75,70,18.18826814767122,64.73888266580819,974,"NA","Normal"
21-04-26 16:32:17,"63e0b0eae3495a39","ATT","AQM-01-00-01-00-01-00-GY",29.51007,-98.580288,"Medical Center",24,74,72,18.638075983909307,65.54853677103675,974,"NA","Normal"
21-04-26 16:42:17,"63e0b0eae3495a39","ATT","AQM-01-00-01-00-01-00-GY",29.51007,-98.580288,"Medical Center",23,74,73,17.89693407878541,64.21448134181374,974,"NA","Normal"
21-04-26 16:52:18,"63e0b0eae3495a39","ATT","AQM-01-00-01-00-01-00-GY",29.51007,-98.580288,"Medical Center",23,74,75,18.327511566877888,64.98952082038019,974,"NA","Normal"
21-04-26 17:02:19,"63e0b0eae3495a39","ATT","AQM-01-00-01-00-01-00-GY",29.51007,-98.580288,"Medical Center",23,74,74,18.113500102452946,64.60430018441531,974,"NA","Normal"
21-04-26 17:12:23,"63e0b0eae3495a39","ATT","AQM-01-00-01-00-01-00-GY",29.51007,-98.580288,"Medical Center",23,74,75,18.327511566877888,64.98952082038019,975,"NA","Normal"
21-04-26 17:22:23,"63e0b0eae3495a39","ATT","AQM-01-00-01-00-01-00-GY",29.51007,-98.580288,"Medical Center",23,74,75,18.327511566877888,64.98952082038019,975,"NA","Normal"
21-04-26 17:32:24,"63e0b0eae3495a39","ATT","AQM-01-00-01-00-01-00-GY",29.51007,-98.580288,"Medical Center",23,74,75,18.327511566877888,64.98952082038019,975,"NA","Normal"
21-04-26 17:42:27,"63e0b0eae3495a39","ATT","AQM-01-00-01-00-01-00-GY",29.51007,-98.580288,"Medical Center",23,73,75,18.327511566877888,64.98952082038019,974,"NA","Normal"
21-04-26 17:52:27,"63e0b0eae3495a39","ATT","AQM-01-00-01-00-01-00-GY",29.51007,-98.580288,"Medical Center",23,73,75,18.327511566877888,64.98952082038019,975,"NA","Normal"
21-04-26 18:02:29,"63e0b0eae3495a39","ATT","AQM-01-00-01-00-01-00-GY",29.51007,-98.580288,"Medical Center",23,73,75,18.327511566877888,64.98952082038019,974,"NA","Normal"
21-04-26 18:12:29,"63e0b0eae3495a39","ATT","AQM-01-00-01-00-01-00-GY",29.51007,-98.580288,"Medical Center",23,73,75,18.327511566877888,64.98952082038019,975,"NA","Normal"
21-04-26 18:22:29,"63e0b0eae3495a39","ATT","AQM-01-00-01-00-01-00-GY",29.51007,-98.580288,"Medical Center",23,73,77,18.748123923140785,65.74662306165341,975,"NA","Normal"
21-04-26 18:32:31,"63e0b0eae3495a39","ATT","AQM-01-00-01-00-01-00-GY",29.51007,-98.580288,"Medical Center",23,73,77,18.748123923140785,65.74662306165341,975,"NA","Normal"
21-04-26 18:42:32,"63e0b0eae3495a39","ATT","AQM-01-00-01-00-01-00-GY",29.51007,-98.580288,"Medical Center",23,73,76,18.539032352084625,65.37025823375232,975,"NA","Normal"
21-04-26 18:52:32,"63e0b0eae3495a39","ATT","AQM-01-00-01-00-01-00-GY",29.51007,-98.580288,"Medical Center",23,73,76,18.539032352084625,65.37025823375232,975,"NA","Normal"
21-04-26 19:02:32,"63e0b0eae3495a39","ATT","AQM-01-00-01-00-01-00-GY",29.51007,-98.580288,"Medical Center",23,73,76,18.539032352084625,65.37025823375232,975,"NA","Normal"
21-04-26 19:12:32,"63e0b0eae3495a39","ATT","AQM-01-00-01-00-01-00-GY",29.51007,-98.580288,"Medical Center",23,73,77,18.748123923140785,65.74662306165341,975,"NA","Normal"
21-04-26 19:22:33,"63e0b0eae3495a39","ATT","AQM-01-00-01-00-01-00-GY",29.51007,-98.580288,"Medical Center",22,72,78,17.98495997891081,64.37292796203945,975,"NA","Normal"
21-04-26 00:02:14,"7b48389537e7a6c7","ATT","AQM-01-00-01-00-01-00-GY",29.5079,-98.58128,"Medical Center",19,67,86,16.603091861987185,61.885565351576936,976,"NA","Normal"
21-04-26 00:12:15,"7b48389537e7a6c7","ATT","AQM-01-00-01-00-01-00-GY",29.5079,-98.58128,"Medical Center",19,67,86,16.603091861987185,61.885565351576936,976,"NA","Normal"
21-04-26 00:22:19,"7b48389537e7a6c7","ATT","AQM-01-00-01-00-01-00-GY",29.5079,-98.58128,"Medical Center",19,67,86,16.603091861987185,61.885565351576936,976,"NA","Normal"
21-04-26 00:32:18,"7b48389537e7a6c7","ATT","AQM-01-00-01-00-01-00-GY",29.5079,-98.58128,"Medical Center",19,67,86,16.603091861987185,61.885565351576936,976,"NA","Normal"
21-04-26 00:42:19,"7b48389537e7a6c7","ATT","AQM-01-00-01-00-01-00-GY",29.5079,-98.58128,"Medical Center",19,67,85,16.419046230470922,61.55428321484766,976,"NA","Normal"
21-04-26 00:52:20,"7b48389537e7a6c7","ATT","AQM-01-00-01-00-01-00-GY",29.5079,-98.58128,"Medical Center",20,67,85,17.399413438507345,63.31894418931322,976,"NA","Normal"
21-04-26 01:02:21,"7b48389537e7a6c7","ATT","AQM-01-00-01-00-01-00-GY",29.5079,-98.58128,"Medical Center",20,67,85,17.399413438507345,63.31894418931322,976,"NA","Normal"
21-04-26 01:12:20,"7b48389537e7a6c7","ATT","AQM-01-00-01-00-01-00-GY",29.5079,-98.58128,"Medical Center",20,67,85,17.399413438507345,63.31894418931322,976,"NA","Normal"
21-04-26 01:22:21,"7b48389537e7a6c7","ATT","AQM-01-00-01-00-01-00-GY",29.5079,-98.58128,"Medical Center",20,67,85,17.399413438507345,63.31894418931322,976,"NA","Normal"
21-04-26 01:32:22,"7b48389537e7a6c7","ATT","AQM-01-00-01-00-01-00-GY",29.5079,-98.58128,"Medical Center",20,67,85,17.399413438507345,63.31894418931322,976,"NA","Normal"
21-04-26 01:42:22,"7b48389537e7a6c7","ATT","AQM-01-00-01-00-01-00-GY",29.5079,-98.58128,"Medical Center",20,67,85,17.399413438507345,63.31894418931322,976,"NA","Normal"
21-04-26 01:52:41,"7b48389537e7a6c7","ATT","AQM-01-00-01-00-01-00-GY",29.5079,-98.58128,"Medical Center",19,67,85,16.419046230470922,61.55428321484766,976,"NA","Normal"
21-04-26 02:02:41,"7b48389537e7a6c7","ATT","AQM-01-00-01-00-01-00-GY",29.5079,-98.58128,"Medical Center",20,67,86,17.584852598593137,63.65273467746765,976,"NA","Normal"
21-04-26 02:12:41,"7b48389537e7a6c7","ATT","AQM-01-00-01-00-01-00-GY",29.5079,-98.58128,"Medical Center",20,67,85,17.399413438507345,63.31894418931322,976,"NA","Normal"
21-04-26 02:12:41,"7b48389537e7a6c7","ATT","AQM-01-00-01-00-01-00-GY",29.5079,-98.58128,"Medical Center",20,67,85,17.399413438507345,63.31894418931322,976,"NA","Normal"
21-04-26 02:22:41,"7b48389537e7a6c7","ATT","AQM-01-00-01-00-01-00-GY",29.5079,-98.58128,"Medical Center",20,67,85,17.399413438507345,63.31894418931322,976,"NA","Normal"
21-04-26 02:32:44,"7b48389537e7a6c7","ATT","AQM-01-00-01-00-01-00-GY",29.5079,-98.58128,"Medical Center",20,68,85,17.399413438507345,63.31894418931322,976,"NA","Normal"
21-04-26 02:42:45,"7b48389537e7a6c7","ATT","AQM-01-00-01-00-01-00-GY",29.5079,-98.58128,"Medical Center",20,68,84,17.212047995093755,62.981686391168765,976,"NA","Normal"
21-04-26 02:52:44,"7b48389537e7a6c7","ATT","AQM-01-00-01-00-01-00-GY",29.5079,-98.58128,"Medical Center",20,68,84,17.212047995093755,62.981686391168765,976,"NA","Normal"
21-04-26 03:02:46,"7b48389537e7a6c7","ATT","AQM-01-00-01-00-01-00-GY",29.5079,-98.58128,"Medical Center",20,69,83,17.02271276844478,62.640882983200605,976,"NA","Normal"
21-04-26 03:12:47,"7b48389537e7a6c7","ATT","AQM-01-00-01-00-01-00-GY",29.5079,-98.58128,"Medical Center",21,69,83,18.000168128266296,64.40030263087934,976,"NA","Normal"
21-04-26 03:22:49,"7b48389537e7a6c7","ATT","AQM-01-00-01-00-01-00-GY",29.5079,-98.58128,"Medical Center",21,69,82,17.80737797678886,64.05328035821995,976,"NA","Normal"
21-04-26 03:32:49,"7b48389537e7a6c7","ATT","AQM-01-00-01-00-01-00-GY",29.5079,-98.58128,"Medical Center",21,70,80,17.415521485760628,63.34793867436913,976,"NA","Normal"
21-04-26 03:42:52,"7b48389537e7a6c7","ATT","AQM-01-00-01-00-01-00-GY",29.5079,-98.58128,"Medical Center",21,69,80,17.415521485760628,63.34793867436913,977,"NA","Normal"
21-04-26 03:52:52,"7b48389537e7a6c7","ATT","AQM-01-00-01-00-01-00-GY",29.5079,-98.58128,"Medical Center",21,69,80,17.415521485760628,63.34793867436913,977,"NA","Normal"
21-04-26 04:02:53,"7b48389537e7a6c7","ATT","AQM-01-00-01-00-01-00-GY",29.5079,-98.58128,"Medical Center",21,70,79,17.216356141238332,62.989441054229,977,"NA","Normal"
21-04-26 04:12:54,"7b48389537e7a6c7","ATT","AQM-01-00-01-00-01-00-GY",29.5079,-98.58128,"Medical Center",22,71,77,17.77976508860486,64.00357715948874,977,"NA","Normal"
21-04-26 04:22:58,"7b48389537e7a6c7","ATT","AQM-01-00-01-00-01-00-GY",29.5079,-98.58128,"Medical Center",22,71,77,17.77976508860486,64.00357715948874,977,"NA","Normal"
21-04-26 04:33:02,"7b48389537e7a6c7","ATT","AQM-01-00-01-00-01-00-GY",29.5079,-98.58128,"Medical Center",22,72,76,17.572216439710537,63.62998959147897,976,"NA","Normal"
21-04-26 04:43:05,"7b48389537e7a6c7","ATT","AQM-01-00-01-00-01-00-GY",29.5079,-98.58128,"Medical Center",22,72,75,17.362255255175217,63.25205945931539,977,"NA","Normal"
21-04-26 04:53:10,"7b48389537e7a6c7","ATT","AQM-01-00-01-00-01-00-GY",29.5079,-98.58128,"Medical Center",23,73,72,17.677747071342097,63.81994472841577,977,"NA","Normal"
21-04-26 05:03:14,"7b48389537e7a6c7","ATT","AQM-01-00-01-00-01-00-GY",29.5079,-98.58128,"Medical Center",23,73,73,17.89693407878541,64.21448134181374,977,"NA","Normal"
21-04-26 05:13:18,"7b48389537e7a6c7","ATT","AQM-01-00-01-00-01-00-GY",29.5079,-98.58128,"Medical Center",23,74,70,17.231230844373624,63.01621551987252,976,"NA","Normal"
21-04-26 05:23:21,"7b48389537e7a6c7","ATT","AQM-01-00-01-00-01-00-GY",29.5079,-98.58128,"Medical Center",23,74,71,17.455869972668243,63.42056595080284,976,"NA","Normal"
21-04-26 05:33:26,"7b48389537e7a6c7","ATT","AQM-01-00-01-00-01-00-GY",29.5079,-98.58128,"Medical Center",23,74,70,17.231230844373624,63.01621551987252,977,"NA","Normal"
21-04-26 05:43:27,"7b48389537e7a6c7","ATT","AQM-01-00-01-00-01-00-GY",29.5079,-98.58128,"Medical Center",23,74,70,17.231230844373624,63.01621551987252,976,"NA","Normal"
21-04-26 05:53:31,"7b48389537e7a6c7","ATT","AQM-01-00-01-00-01-00-GY",29.5079,-98.58128,"Medical Center",25,76,68,18.68053177501818,65.62495719503272,976,"NA","Normal"
21-04-26 06:03:35,"7b48389537e7a6c7","ATT","AQM-01-00-01-00-01-00-GY",29.5079,-98.58128,"Medical Center",25,77,65,17.960599216563505,64.32907858981432,976,"NA","Normal"
21-04-26 06:13:34,"7b48389537e7a6c7","ATT","AQM-01-00-01-00-01-00-GY",29.5079,-98.58128,"Medical Center",26,78,63,18.408735828051924,65.13572449049346,976,"NA","Normal"
21-04-26 06:23:35,"7b48389537e7a6c7","ATT","AQM-01-00-01-00-01-00-GY",29.5079,-98.58128,"Medical Center",25,77,62,17.210874179649892,62.97957352336981,976,"NA","Normal"
21-04-26 06:33:36,"7b48389537e7a6c7","ATT","AQM-01-00-01-00-01-00-GY",29.5079,-98.58128,"Medical Center",26,78,62,18.153514209842918,64.67632557771725,976,"NA","Normal"
21-04-26 06:43:37,"7b48389537e7a6c7","ATT","AQM-01-00-01-00-01-00-GY",29.5079,-98.58128,"Medical Center",26,79,61,17.894652308756438,64.21037415576158,976,"NA","Normal"
21-04-26 06:53:38,"7b48389537e7a6c7","ATT","AQM-01-00-01-00-01-00-GY",29.5079,-98.58128,"Medical Center",28,82,56,18.40296964846459,65.12534536723626,976,"NA","Normal"
21-04-26 07:03:39,"7b48389537e7a6c7","ATT","AQM-01-00-01-00-01-00-GY",29.5079,-98.58128,"Medical Center",27,81,57,17.753274995617193,63.95589499211095,976,"NA","Normal"
21-04-26 07:13:40,"7b48389537e7a6c7","ATT","AQM-01-00-01-00-01-00-GY",29.5079,-98.58128,"Medical Center",28,82,56,18.40296964846459,65.12534536723626,976,"NA","Normal"
21-04-26 07:23:44,"7b48389537e7a6c7","ATT","AQM-01-00-01-00-01-00-GY",29.5079,-98.58128,"Medical Center",28,83,54,17.82361420687747,64.08250557237945,976,"NA","Normal"
21-04-26 07:33:45,"7b48389537e7a6c7","ATT","AQM-01-00-01-00-01-00-GY",29.5079,-98.58128,"Medical Center",28,82,54,17.82361420687747,64.08250557237945,976,"NA","Normal"
21-04-26 07:43:46,"7b48389537e7a6c7","ATT","AQM-01-00-01-00-01-00-GY",29.5079,-98.58128,"Medical Center",28,83,54,17.82361420687747,64.08250557237945,976,"NA","Normal"
21-04-26 07:53:47,"7b48389537e7a6c7","ATT","AQM-01-00-01-00-01-00-GY",29.5079,-98.58128,"Medical Center",29,83,52,18.14705896929495,64.66470614473091,976,"NA","Normal"
21-04-26 08:03:48,"7b48389537e7a6c7","ATT","AQM-01-00-01-00-01-00-GY",29.5079,-98.58128,"Medical Center",28,83,52,17.22509904202806,63.00517827565051,976,"NA","Normal"
21-04-26 08:13:49,"7b48389537e7a6c7","ATT","AQM-01-00-01-00-01-00-GY",29.5079,-98.58128,"Medical Center",28,82,53,17.526836412415737,63.54830554234833,975,"NA","Normal"
21-04-26 08:23:49,"7b48389537e7a6c7","ATT","AQM-01-00-01-00-01-00-GY",29.5079,-98.58128,"Medical Center",29,84,51,17.838004445467135,64.10840800184084,975,"NA","Normal"
21-04-26 08:33:50,"7b48389537e7a6c7","ATT","AQM-01-00-01-00-01-00-GY",29.5079,-98.58128,"Medical Center",31,87,49,19.03336180113149,66.26005124203668,975,"NA","Normal"
21-04-26 08:43:53,"7b48389537e7a6c7","ATT","AQM-01-00-01-00-01-00-GY",29.5079,-98.58128,"Medical Center",31,87,46,18.023689488384697,64.44264107909245,975,"NA","Normal"
21-04-26 08:53:54,"7b48389537e7a6c7","ATT","AQM-01-00-01-00-01-00-GY",29.5079,-98.58128,"Medical Center",30,85,48,17.790542662543324,64.02297679257798,975,"NA","Normal"
21-04-26 09:04:00,"7b48389537e7a6c7","ATT","AQM-01-00-01-00-01-00-GY",29.5079,-98.58128,"Medical Center",28,83,51,16.918220573662293,62.45279703259213,975,"NA","Normal"
21-04-26 09:14:02,"7b48389537e7a6c7","ATT","AQM-01-00-01-00-01-00-GY",29.5079,-98.58128,"Medical Center",28,83,52,17.22509904202806,63.00517827565051,975,"NA","Normal"
21-04-26 09:24:07,"7b48389537e7a6c7","ATT","AQM-01-00-01-00-01-00-GY",29.5079,-98.58128,"Medical Center",29,83,51,17.838004445467135,64.10840800184084,974,"NA","Normal"
21-04-26 09:34:12,"7b48389537e7a6c7","ATT","AQM-01-00-01-00-01-00-GY",29.5079,-98.58128,"Medical Center",29,83,51,17.838004445467135,64.10840800184084,974,"NA","Normal"
21-04-26 09:44:13,"7b48389537e7a6c7","ATT","AQM-01-00-01-00-01-00-GY",29.5079,-98.58128,"Medical Center",29,84,49,17.203586502063654,62.96645570371457,974,"NA","Normal"
21-04-26 09:54:22,"7b48389537e7a6c7","ATT","AQM-01-00-01-00-01-00-GY",29.5079,-98.58128,"Medical Center",29,85,46,16.20793283567129,61.174279104208324,974,"NA","Normal"
21-04-26 10:04:20,"7b48389537e7a6c7","ATT","AQM-01-00-01-00-01-00-GY",29.5079,-98.58128,"Medical Center",30,85,44,16.415116732849416,61.54721011912895,974,"NA","Normal"
21-04-26 10:14:21,"7b48389537e7a6c7","ATT","AQM-01-00-01-00-01-00-GY",29.5079,-98.58128,"Medical Center",29,85,44,15.511957450834359,59.921523411501845,974,"NA","Normal"
21-04-26 10:24:27,"7b48389537e7a6c7","ATT","AQM-01-00-01-00-01-00-GY",29.5079,-98.58128,"Medical Center",29,85,44,15.511957450834359,59.921523411501845,974,"NA","Normal"
21-04-26 10:34:29,"7b48389537e7a6c7","ATT","AQM-01-00-01-00-01-00-GY",29.5079,-98.58128,"Medical Center",30,86,43,16.054130152314467,60.89743427416604,974,"NA","Normal"
21-04-26 10:44:33,"7b48389537e7a6c7","ATT","AQM-01-00-01-00-01-00-GY",29.5079,-98.58128,"Medical Center",31,88,41,16.20459093061999,61.16826367511598,973,"NA","Normal"
21-04-26 10:54:35,"7b48389537e7a6c7","ATT","AQM-01-00-01-00-01-00-GY",29.5079,-98.58128,"Medical Center",32,89,41,17.09937955165706,62.778883192982704,973,"NA","Normal"
21-04-26 11:04:40,"7b48389537e7a6c7","ATT","AQM-01-00-01-00-01-00-GY",29.5079,-98.58128,"Medical Center",32,89,40,16.70964510847727,62.07736119525909,973,"NA","Normal"
21-04-26 11:14:42,"7b48389537e7a6c7","ATT","AQM-01-00-01-00-01-00-GY",29.5079,-98.58128,"Medical Center",31,89,42,16.58344131598289,61.8501943687692,973,"NA","Normal"
21-04-26 11:24:47,"7b48389537e7a6c7","ATT","AQM-01-00-01-00-01-00-GY",29.5079,-98.58128,"Medical Center",33,92,39,17.200270587846852,62.960487058124336,973,"NA","Normal"
21-04-26 11:34:49,"7b48389537e7a6c7","ATT","AQM-01-00-01-00-01-00-GY",29.5079,-98.58128,"Medical Center",32,90,40,16.70964510847727,62.07736119525909,973,"NA","Normal"
21-04-26 11:44:54,"7b48389537e7a6c7","ATT","AQM-01-00-01-00-01-00-GY",29.5079,-98.58128,"Medical Center",32,90,41,17.09937955165706,62.778883192982704,973,"NA","Normal"
21-04-26 11:55:00,"7b48389537e7a6c7","ATT","AQM-01-00-01-00-01-00-GY",29.5079,-98.58128,"Medical Center",32,90,41,17.09937955165706,62.778883192982704,973,"NA","Normal"
21-04-26 12:05:01,"7b48389537e7a6c7","ATT","AQM-01-00-01-00-01-00-GY",29.5079,-98.58128,"Medical Center",33,91,41,17.993815943793123,64.38886869882762,973,"NA","Normal"
21-04-26 12:15:02,"7b48389537e7a6c7","ATT","AQM-01-00-01-00-01-00-GY",29.5079,-98.58128,"Medical Center",34,92,39,18.08891958437026,64.56005525186647,972,"NA","Normal"
21-04-26 12:25:08,"7b48389537e7a6c7","ATT","AQM-01-00-01-00-01-00-GY",29.5079,-98.58128,"Medical Center",32,90,42,17.480850785130176,63.46553141323432,973,"NA","Normal"
21-04-26 12:35:09,"7b48389537e7a6c7","ATT","AQM-01-00-01-00-01-00-GY",29.5079,-98.58128,"Medical Center",32,90,41,17.09937955165706,62.778883192982704,972,"NA","Normal"
21-04-26 12:45:15,"7b48389537e7a6c7","ATT","AQM-01-00-01-00-01-00-GY",29.5079,-98.58128,"Medical Center",32,90,40,16.70964510847727,62.07736119525909,972,"NA","Normal"
21-04-26 12:55:16,"7b48389537e7a6c7","ATT","AQM-01-00-01-00-01-00-GY",29.5079,-98.58128,"Medical Center",32,90,40,16.70964510847727,62.07736119525909,972,"NA","Normal"
21-04-26 13:05:20,"7b48389537e7a6c7","ATT","AQM-01-00-01-00-01-00-GY",29.5079,-98.58128,"Medical Center",32,89,41,17.09937955165706,62.778883192982704,973,"NA","Normal"
21-04-26 13:15:22,"7b48389537e7a6c7","ATT","AQM-01-00-01-00-01-00-GY",29.5079,-98.58128,"Medical Center",31,88,42,16.58344131598289,61.8501943687692,972,"NA","Normal"
21-04-26 13:25:27,"7b48389537e7a6c7","ATT","AQM-01-00-01-00-01-00-GY",29.5079,-98.58128,"Medical Center",30,85,45,16.768963833545165,62.184134900381295,972,"NA","Normal"
21-04-26 13:35:32,"7b48389537e7a6c7","ATT","AQM-01-00-01-00-01-00-GY",29.5079,-98.58128,"Medical Center",29,84,47,16.545998900896365,61.78279802161346,972,"NA","Normal"
21-04-26 13:45:34,"7b48389537e7a6c7","ATT","AQM-01-00-01-00-01-00-GY",29.5079,-98.58128,"Medical Center",29,84,47,16.545998900896365,61.78279802161346,973,"NA","Normal"
21-04-26 13:55:36,"7b48389537e7a6c7","ATT","AQM-01-00-01-00-01-00-GY",29.5079,-98.58128,"Medical Center",28,83,49,16.288261544679866,61.31887078042376,973,"NA","Normal"
21-04-26 14:05:41,"7b48389537e7a6c7","ATT","AQM-01-00-01-00-01-00-GY",29.5079,-98.58128,"Medical Center",28,82,51,16.918220573662293,62.45279703259213,973,"NA","Normal"
21-04-26 14:15:43,"7b48389537e7a6c7","ATT","AQM-01-00-01-00-01-00-GY",29.5079,-98.58128,"Medical Center",27,81,52,16.30286878374206,61.34516381073571,973,"NA","Normal"
21-04-26 14:25:48,"7b48389537e7a6c7","ATT","AQM-01-00-01-00-01-00-GY",29.5079,-98.58128,"Medical Center",27,81,54,16.897146333642652,62.41486340055677,973,"NA","Normal"
21-04-26 14:35:50,"7b48389537e7a6c7","ATT","AQM-01-00-01-00-01-00-GY",29.5079,-98.58128,"Medical Center",27,80,55,17.187065572381464,62.936718030286634,973,"NA","Normal"
21-04-26 14:45:55,"7b48389537e7a6c7","ATT","AQM-01-00-01-00-01-00-GY",29.5079,-98.58128,"Medical Center",26,80,57,16.820448786792237,62.276807816226025,973,"NA","Normal"
21-04-26 14:55:56,"7b48389537e7a6c7","ATT","AQM-01-00-01-00-01-00-GY",29.5079,-98.58128,"Medical Center",26,79,60,17.632036709740795,63.73766607753343,973,"NA","Normal"
21-04-26 15:06:02,"7b48389537e7a6c7","ATT","AQM-01-00-01-00-01-00-GY",29.5079,-98.58128,"Medical Center",26,78,62,18.153514209842918,64.67632557771725,973,"NA","Normal"
21-04-26 15:16:04,"7b48389537e7a6c7","ATT","AQM-01-00-01-00-01-00-GY",29.5079,-98.58128,"Medical Center",25,78,64,17.71413072127296,63.88543529829133,973,"NA","Normal"
21-04-26 15:21:08,"7b48389537e7a6c7","ATT","AQM-01-00-01-00-01-00-GY",29.5079,-98.58128,"Medical Center",25,77,65,17.960599216563505,64.32907858981432,973,"NA","Normal"
21-04-26 15:31:08,"7b48389537e7a6c7","ATT","AQM-01-00-01-00-01-00-GY",29.5079,-98.58128,"Medical Center",25,77,66,18.20376028576065,64.76676851436918,973,"NA","Normal"
21-04-26 15:41:10,"7b48389537e7a6c7","ATT","AQM-01-00-01-00-01-00-GY",29.5079,-98.58128,"Medical Center",25,76,68,18.68053177501818,65.62495719503272,974,"NA","Normal"
21-04-26 15:51:12,"7b48389537e7a6c7","ATT","AQM-01-00-01-00-01-00-GY",29.5079,-98.58128,"Medical Center",24,76,69,17.959117344162586,64.32641121949266,973,"NA","Normal"
21-04-26 16:01:18,"7b48389537e7a6c7","ATT","AQM-01-00-01-00-01-00-GY",29.5079,-98.58128,"Medical Center",24,76,69,17.959117344162586,64.32641121949266,974,"NA","Normal"
21-04-26 16:11:19,"7b48389537e7a6c7","ATT","AQM-01-00-01-00-01-00-GY",29.5079,-98.58128,"Medical Center",24,75,71,18.414562552184417,65.14621259393195,974,"NA","Normal"
21-04-26 16:21:19,"7b48389537e7a6c7","ATT","AQM-01-00-01-00-01-00-GY",29.5079,-98.58128,"Medical Center",24,75,71,18.414562552184417,65.14621259393195,974,"NA","Normal"
21-04-26 16:31:24,"7b48389537e7a6c7","ATT","AQM-01-00-01-00-01-00-GY",29.5079,-98.58128,"Medical Center",23,74,73,17.89693407878541,64.21448134181374,974,"NA","Normal"
21-04-26 16:41:25,"7b48389537e7a6c7","ATT","AQM-01-00-01-00-01-00-GY",29.5079,-98.58128,"Medical Center",23,74,74,18.113500102452946,64.60430018441531,974,"NA","Normal"
21-04-26 16:51:25,"7b48389537e7a6c7","ATT","AQM-01-00-01-00-01-00-GY",29.5079,-98.58128,"Medical Center",23,74,75,18.327511566877888,64.98952082038019,974,"NA","Normal"
21-04-26 17:01:25,"7b48389537e7a6c7","ATT","AQM-01-00-01-00-01-00-GY",29.5079,-98.58128,"Medical Center",23,73,76,18.539032352084625,65.37025823375232,975,"NA","Normal"
21-04-26 17:11:27,"7b48389537e7a6c7","ATT","AQM-01-00-01-00-01-00-GY",29.5079,-98.58128,"Medical Center",23,73,76,18.539032352084625,65.37025823375232,975,"NA","Normal"
21-04-26 17:21:28,"7b48389537e7a6c7","ATT","AQM-01-00-01-00-01-00-GY",29.5079,-98.58128,"Medical Center",23,73,76,18.539032352084625,65.37025823375232,975,"NA","Normal"
21-04-26 17:31:28,"7b48389537e7a6c7","ATT","AQM-01-00-01-00-01-00-GY",29.5079,-98.58128,"Medical Center",23,73,76,18.539032352084625,65.37025823375232,975,"NA","Normal"
21-04-26 17:41:30,"7b48389537e7a6c7","ATT","AQM-01-00-01-00-01-00-GY",29.5079,-98.58128,"Medical Center",23,73,76,18.539032352084625,65.37025823375232,975,"NA","Normal"
21-04-26 17:51:30,"7b48389537e7a6c7","ATT","AQM-01-00-01-00-01-00-GY",29.5079,-98.58128,"Medical Center",23,73,75,18.327511566877888,64.98952082038019,975,"NA","Normal"
21-04-26 18:01:31,"7b48389537e7a6c7","ATT","AQM-01-00-01-00-01-00-GY",29.5079,-98.58128,"Medical Center",23,73,75,18.327511566877888,64.98952082038019,975,"NA","Normal"
21-04-26 18:11:32,"7b48389537e7a6c7","ATT","AQM-01-00-01-00-01-00-GY",29.5079,-98.58128,"Medical Center",22,72,76,17.572216439710537,63.62998959147897,975,"NA","Normal"
21-04-26 18:21:33,"7b48389537e7a6c7","ATT","AQM-01-00-01-00-01-00-GY",29.5079,-98.58128,"Medical Center",23,73,76,18.539032352084625,65.37025823375232,975,"NA","Normal"
21-04-26 18:31:33,"7b48389537e7a6c7","ATT","AQM-01-00-01-00-01-00-GY",29.5079,-98.58128,"Medical Center",23,73,76,18.539032352084625,65.37025823375232,975,"NA","Normal"
21-04-26 18:41:37,"7b48389537e7a6c7","ATT","AQM-01-00-01-00-01-00-GY",29.5079,-98.58128,"Medical Center",23,73,76,18.539032352084625,65.37025823375232,975,"NA","Normal"
21-04-26 18:51:37,"7b48389537e7a6c7","ATT","AQM-01-00-01-00-01-00-GY",29.5079,-98.58128,"Medical Center",23,73,76,18.539032352084625,65.37025823375232,975,"NA","Normal"
21-04-26 19:01:38,"7b48389537e7a6c7","ATT","AQM-01-00-01-00-01-00-GY",29.5079,-98.58128,"Medical Center",22,72,76,17.572216439710537,63.62998959147897,975,"NA","Normal"
21-04-26 19:11:40,"7b48389537e7a6c7","ATT","AQM-01-00-01-00-01-00-GY",29.5079,-98.58128,"Medical Center",22,72,77,17.77976508860486,64.00357715948874,975,"NA","Normal"
21-04-26 19:21:40,"7b48389537e7a6c7","ATT","AQM-01-00-01-00-01-00-GY",29.5079,-98.58128,"Medical Center",22,72,78,17.98495997891081,64.37292796203945,975,"NA","Normal"
21-04-26 00:03:24,"6dee283d397b9803","ATT","AQM-01-00-01-00-01-00-GY",29.50752,-98.581368,"Medical Center",19,67,88,16.96561035679873,62.53809864223771,976,"NA","Normal"
21-04-26 00:13:24,"6dee283d397b9803","ATT","AQM-01-00-01-00-01-00-GY",29.50752,-98.581368,"Medical Center",19,67,88,16.96561035679873,62.53809864223771,976,"NA","Normal"
21-04-26 00:23:27,"6dee283d397b9803","ATT","AQM-01-00-01-00-01-00-GY",29.50752,-98.581368,"Medical Center",20,67,87,17.768407520848193,63.98313353752675,976,"NA","Normal"
21-04-26 00:33:29,"6dee283d397b9803","ATT","AQM-01-00-01-00-01-00-GY",29.50752,-98.581368,"Medical Center",20,67,87,17.768407520848193,63.98313353752675,976,"NA","Normal"
21-04-26 00:43:29,"6dee283d397b9803","ATT","AQM-01-00-01-00-01-00-GY",29.50752,-98.581368,"Medical Center",20,67,86,17.584852598593137,63.65273467746765,976,"NA","Normal"
21-04-26 00:53:29,"6dee283d397b9803","ATT","AQM-01-00-01-00-01-00-GY",29.50752,-98.581368,"Medical Center",20,68,86,17.584852598593137,63.65273467746765,976,"NA","Normal"
21-04-26 01:03:30,"6dee283d397b9803","ATT","AQM-01-00-01-00-01-00-GY",29.50752,-98.581368,"Medical Center",21,69,86,18.566544840584548,65.41978071305219,976,"NA","Normal"
21-04-26 01:13:32,"6dee283d397b9803","ATT","AQM-01-00-01-00-01-00-GY",29.50752,-98.581368,"Medical Center",20,68,86,17.584852598593137,63.65273467746765,976,"NA","Normal"
21-04-26 01:23:32,"6dee283d397b9803","ATT","AQM-01-00-01-00-01-00-GY",29.50752,-98.581368,"Medical Center",20,68,85,17.399413438507345,63.31894418931322,976,"NA","Normal"
21-04-26 01:33:33,"6dee283d397b9803","ATT","AQM-01-00-01-00-01-00-GY",29.50752,-98.581368,"Medical Center",20,68,86,17.584852598593137,63.65273467746765,976,"NA","Normal"
21-04-26 01:43:34,"6dee283d397b9803","ATT","AQM-01-00-01-00-01-00-GY",29.50752,-98.581368,"Medical Center",20,68,85,17.399413438507345,63.31894418931322,976,"NA","Normal"
21-04-26 01:51:56,"6dee283d397b9803","ATT","AQM-01-00-01-00-01-00-GY",29.50752,-98.581368,"Medical Center",20,68,86,17.584852598593137,63.65273467746765,976,"NA","Normal"
21-04-26 02:02:01,"6dee283d397b9803","ATT","AQM-01-00-01-00-01-00-GY",29.50752,-98.581368,"Medical Center",20,68,86,17.584852598593137,63.65273467746765,976,"NA","Normal"
21-04-26 02:12:05,"6dee283d397b9803","ATT","AQM-01-00-01-00-01-00-GY",29.50752,-98.581368,"Medical Center",20,68,86,17.584852598593137,63.65273467746765,976,"NA","Normal"
21-04-26 02:12:05,"6dee283d397b9803","ATT","AQM-01-00-01-00-01-00-GY",29.50752,-98.581368,"Medical Center",20,68,86,17.584852598593137,63.65273467746765,976,"NA","Normal"
21-04-26 02:22:09,"6dee283d397b9803","ATT","AQM-01-00-01-00-01-00-GY",29.50752,-98.581368,"Medical Center",20,68,86,17.584852598593137,63.65273467746765,976,"NA","Normal"
21-04-26 02:32:13,"6dee283d397b9803","ATT","AQM-01-00-01-00-01-00-GY",29.50752,-98.581368,"Medical Center",20,68,85,17.399413438507345,63.31894418931322,976,"NA","Normal"
21-04-26 02:42:17,"6dee283d397b9803","ATT","AQM-01-00-01-00-01-00-GY",29.50752,-98.581368,"Medical Center",20,69,85,17.399413438507345,63.31894418931322,976,"NA","Normal"
21-04-26 02:52:21,"6dee283d397b9803","ATT","AQM-01-00-01-00-01-00-GY",29.50752,-98.581368,"Medical Center",21,69,84,18.190929358876453,64.74367284597761,976,"NA","Normal"
21-04-26 03:02:25,"6dee283d397b9803","ATT","AQM-01-00-01-00-01-00-GY",29.50752,-98.581368,"Medical Center",21,69,83,18.000168128266296,64.40030263087934,976,"NA","Normal"
21-04-26 03:12:26,"6dee283d397b9803","ATT","AQM-01-00-01-00-01-00-GY",29.50752,-98.581368,"Medical Center",21,70,82,17.80737797678886,64.05328035821995,976,"NA","Normal"
21-04-26 03:22:29,"6dee283d397b9803","ATT","AQM-01-00-01-00-01-00-GY",29.50752,-98.581368,"Medical Center",21,70,81,17.61251196906083,63.70252154430949,976,"NA","Normal"
21-04-26 03:32:33,"6dee283d397b9803","ATT","AQM-01-00-01-00-01-00-GY",29.50752,-98.581368,"Medical Center",21,70,80,17.415521485760628,63.34793867436913,976,"NA","Normal"
21-04-26 03:42:36,"6dee283d397b9803","ATT","AQM-01-00-01-00-01-00-GY",29.50752,-98.581368,"Medical Center",21,70,80,17.415521485760628,63.34793867436913,976,"NA","Normal"
21-04-26 03:52:39,"6dee283d397b9803","ATT","AQM-01-00-01-00-01-00-GY",29.50752,-98.581368,"Medical Center",21,70,80,17.415521485760628,63.34793867436913,977,"NA","Normal"
21-04-26 04:02:43,"6dee283d397b9803","ATT","AQM-01-00-01-00-01-00-GY",29.50752,-98.581368,"Medical Center",22,71,78,17.98495997891081,64.37292796203945,976,"NA","Normal"
21-04-26 04:12:47,"6dee283d397b9803","ATT","AQM-01-00-01-00-01-00-GY",29.50752,-98.581368,"Medical Center",23,73,75,18.327511566877888,64.98952082038019,976,"NA","Normal"
21-04-26 04:22:50,"6dee283d397b9803","ATT","AQM-01-00-01-00-01-00-GY",29.50752,-98.581368,"Medical Center",22,72,74,17.149820479353384,62.869676862836094,976,"NA","Normal"
21-04-26 04:32:55,"6dee283d397b9803","ATT","AQM-01-00-01-00-01-00-GY",29.50752,-98.581368,"Medical Center",23,73,74,18.113500102452946,64.60430018441531,976,"NA","Normal"
21-04-26 04:42:58,"6dee283d397b9803","ATT","AQM-01-00-01-00-01-00-GY",29.50752,-98.581368,"Medical Center",23,74,71,17.455869972668243,63.42056595080284,976,"NA","Normal"
21-04-26 04:52:59,"6dee283d397b9803","ATT","AQM-01-00-01-00-01-00-GY",29.50752,-98.581368,"Medical Center",23,74,70,17.231230844373624,63.01621551987252,976,"NA","Normal"
21-04-26 05:03:03,"6dee283d397b9803","ATT","AQM-01-00-01-00-01-00-GY",29.50752,-98.581368,"Medical Center",23,74,71,17.455869972668243,63.42056595080284,976,"NA","Normal"
21-04-26 05:13:08,"6dee283d397b9803","ATT","AQM-01-00-01-00-01-00-GY",29.50752,-98.581368,"Medical Center",24,75,68,17.72703153573392,63.90865676432106,976,"NA","Normal"
21-04-26 05:23:11,"6dee283d397b9803","ATT","AQM-01-00-01-00-01-00-GY",29.50752,-98.581368,"Medical Center",24,75,68,17.72703153573392,63.90865676432106,976,"NA","Normal"
21-04-26 05:33:15,"6dee283d397b9803","ATT","AQM-01-00-01-00-01-00-GY",29.50752,-98.581368,"Medical Center",24,75,68,17.72703153573392,63.90865676432106,976,"NA","Normal"
21-04-26 05:43:19,"6dee283d397b9803","ATT","AQM-01-00-01-00-01-00-GY",29.50752,-98.581368,"Medical Center",24,76,67,17.49192875353475,63.48547175636255,976,"NA","Normal"
21-04-26 05:53:24,"6dee283d397b9803","ATT","AQM-01-00-01-00-01-00-GY",29.50752,-98.581368,"Medical Center",26,78,63,18.408735828051924,65.13572449049346,976,"NA","Normal"
21-04-26 06:03:27,"6dee283d397b9803","ATT","AQM-01-00-01-00-01-00-GY",29.50752,-98.581368,"Medical Center",26,79,61,17.894652308756438,64.21037415576158,976,"NA","Normal"
21-04-26 06:13:32,"6dee283d397b9803","ATT","AQM-01-00-01-00-01-00-GY",29.50752,-98.581368,"Medical Center",27,80,59,18.302298160009205,64.94413668801657,976,"NA","Normal"
21-04-26 06:23:35,"6dee283d397b9803","ATT","AQM-01-00-01-00-01-00-GY",29.50752,-98.581368,"Medical Center",27,80,58,18.029864633816157,64.45375634086908,976,"NA","Normal"
21-04-26 06:33:39,"6dee283d397b9803","ATT","AQM-01-00-01-00-01-00-GY",29.50752,-98.581368,"Medical Center",27,81,58,18.029864633816157,64.45375634086908,976,"NA","Normal"
21-04-26 06:43:43,"6dee283d397b9803","ATT","AQM-01-00-01-00-01-00-GY",29.50752,-98.581368,"Medical Center",28,82,56,18.40296964846459,65.12534536723626,976,"NA","Normal"
21-04-26 06:53:47,"6dee283d397b9803","ATT","AQM-01-00-01-00-01-00-GY",29.50752,-98.581368,"Medical Center",28,83,54,17.82361420687747,64.08250557237945,976,"NA","Normal"
21-04-26 07:03:50,"6dee283d397b9803","ATT","AQM-01-00-01-00-01-00-GY",29.50752,-98.581368,"Medical Center",29,84,54,18.749825589963045,65.74968606193349,976,"NA","Normal"
21-04-26 07:13:55,"6dee283d397b9803","ATT","AQM-01-00-01-00-01-00-GY",29.50752,-98.581368,"Medical Center",29,85,51,17.838004445467135,64.10840800184084,976,"NA","Normal"
21-04-26 07:23:59,"6dee283d397b9803","ATT","AQM-01-00-01-00-01-00-GY",29.50752,-98.581368,"Medical Center",30,85,49,18.118619874444747,64.61351577400055,976,"NA","Normal"
21-04-26 07:34:03,"6dee283d397b9803","ATT","AQM-01-00-01-00-01-00-GY",29.50752,-98.581368,"Medical Center",29,84,51,17.838004445467135,64.10840800184084,976,"NA","Normal"
21-04-26 07:44:07,"6dee283d397b9803","ATT","AQM-01-00-01-00-01-00-GY",29.50752,-98.581368,"Medical Center",29,85,50,17.523581754484503,63.54244715807211,976,"NA","Normal"
21-04-26 07:54:11,"6dee283d397b9803","ATT","AQM-01-00-01-00-01-00-GY",29.50752,-98.581368,"Medical Center",30,86,49,18.118619874444747,64.61351577400055,975,"NA","Normal"
21-04-26 08:04:07,"6dee283d397b9803","ATT","AQM-01-00-01-00-01-00-GY",29.50752,-98.581368,"Medical Center",29,85,49,17.203586502063654,62.96645570371457,975,"NA","Normal"
21-04-26 08:14:08,"6dee283d397b9803","ATT","AQM-01-00-01-00-01-00-GY",29.50752,-98.581368,"Medical Center",29,84,50,17.523581754484503,63.54244715807211,975,"NA","Normal"
21-04-26 08:24:08,"6dee283d397b9803","ATT","AQM-01-00-01-00-01-00-GY",29.50752,-98.581368,"Medical Center",30,86,49,18.118619874444747,64.61351577400055,975,"NA","Normal"
21-04-26 08:34:08,"6dee283d397b9803","ATT","AQM-01-00-01-00-01-00-GY",29.50752,-98.581368,"Medical Center",32,89,46,18.93109754861884,66.07597558751391,975,"NA","Normal"
21-04-26 08:44:08,"6dee283d397b9803","ATT","AQM-01-00-01-00-01-00-GY",29.50752,-98.581368,"Medical Center",32,89,43,17.85442620847491,64.13796717525483,975,"NA","Normal"
21-04-26 08:54:18,"6dee283d397b9803","ATT","AQM-01-00-01-00-01-00-GY",29.50752,-98.581368,"Medical Center",31,87,46,18.023689488384697,64.44264107909245,975,"NA","Normal"
21-04-26 09:04:14,"6dee283d397b9803","ATT","AQM-01-00-01-00-01-00-GY",29.50752,-98.581368,"Medical Center",30,85,48,17.790542662543324,64.02297679257798,974,"NA","Normal"
21-04-26 09:14:15,"6dee283d397b9803","ATT","AQM-01-00-01-00-01-00-GY",29.50752,-98.581368,"Medical Center",29,85,49,17.203586502063654,62.96645570371457,974,"NA","Normal"
21-04-26 09:24:16,"6dee283d397b9803","ATT","AQM-01-00-01-00-01-00-GY",29.50752,-98.581368,"Medical Center",30,85,49,18.118619874444747,64.61351577400055,974,"NA","Normal"
21-04-26 09:34:17,"6dee283d397b9803","ATT","AQM-01-00-01-00-01-00-GY",29.50752,-98.581368,"Medical Center",30,85,48,17.790542662543324,64.02297679257798,974,"NA","Normal"
21-04-26 09:44:18,"6dee283d397b9803","ATT","AQM-01-00-01-00-01-00-GY",29.50752,-98.581368,"Medical Center",30,87,46,17.115967971552028,62.80874234879365,974,"NA","Normal"
21-04-26 09:54:27,"6dee283d397b9803","ATT","AQM-01-00-01-00-01-00-GY",29.50752,-98.581368,"Medical Center",31,87,44,17.317947114644614,63.17230480636031,974,"NA","Normal"
21-04-26 10:04:19,"6dee283d397b9803","ATT","AQM-01-00-01-00-01-00-GY",29.50752,-98.581368,"Medical Center",31,87,43,16.954446436700106,62.51800358606019,974,"NA","Normal"
21-04-26 10:14:20,"6dee283d397b9803","ATT","AQM-01-00-01-00-01-00-GY",29.50752,-98.581368,"Medical Center",30,86,42,15.685687430190404,60.234237374342726,973,"NA","Normal"
21-04-26 10:24:21,"6dee283d397b9803","ATT","AQM-01-00-01-00-01-00-GY",29.50752,-98.581368,"Medical Center",30,87,42,15.685687430190404,60.234237374342726,973,"NA","Normal"
21-04-26 10:34:25,"6dee283d397b9803","ATT","AQM-01-00-01-00-01-00-GY",29.50752,-98.581368,"Medical Center",31,88,41,16.20459093061999,61.16826367511598,973,"NA","Normal"
21-04-26 10:44:29,"6dee283d397b9803","ATT","AQM-01-00-01-00-01-00-GY",29.50752,-98.581368,"Medical Center",32,89,40,16.70964510847727,62.07736119525909,973,"NA","Normal"
21-04-26 10:54:32,"6dee283d397b9803","ATT","AQM-01-00-01-00-01-00-GY",29.50752,-98.581368,"Medical Center",33,91,39,17.200270587846852,62.960487058124336,973,"NA","Normal"
21-04-26 11:04:35,"6dee283d397b9803","ATT","AQM-01-00-01-00-01-00-GY",29.50752,-98.581368,"Medical Center",32,90,39,16.31125320442291,61.36025576796124,973,"NA","Normal"
21-04-26 11:14:40,"6dee283d397b9803","ATT","AQM-01-00-01-00-01-00-GY",29.50752,-98.581368,"Medical Center",32,90,40,16.70964510847727,62.07736119525909,973,"NA","Normal"
21-04-26 11:24:44,"6dee283d397b9803","ATT","AQM-01-00-01-00-01-00-GY",29.50752,-98.581368,"Medical Center",34,94,37,17.25311599096265,63.05560878373277,973,"NA","Normal"
21-04-26 11:34:47,"6dee283d397b9803","ATT","AQM-01-00-01-00-01-00-GY",29.50752,-98.581368,"Medical Center",33,92,39,17.200270587846852,62.960487058124336,973,"NA","Normal"
21-04-26 11:44:54,"6dee283d397b9803","ATT","AQM-01-00-01-00-01-00-GY",29.50752,-98.581368,"Medical Center",34,92,39,18.08891958437026,64.56005525186647,973,"NA","Normal"
21-04-26 11:54:56,"6dee283d397b9803","ATT","AQM-01-00-01-00-01-00-GY",29.50752,-98.581368,"Medical Center",34,93,39,18.08891958437026,64.56005525186647,972,"NA","Normal"
21-04-26 12:05:00,"6dee283d397b9803","ATT","AQM-01-00-01-00-01-00-GY",29.50752,-98.581368,"Medical Center",35,95,37,18.13571176472973,64.64428117651352,972,"NA","Normal"
21-04-26 12:15:03,"6dee283d397b9803","ATT","AQM-01-00-01-00-01-00-GY",29.50752,-98.581368,"Medical Center",35,95,37,18.13571176472973,64.64428117651352,972,"NA","Normal"
21-04-26 12:25:08,"6dee283d397b9803","ATT","AQM-01-00-01-00-01-00-GY",29.50752,-98.581368,"Medical Center",34,93,39,18.08891958437026,64.56005525186647,972,"NA","Normal"
21-04-26 12:35:12,"6dee283d397b9803","ATT","AQM-01-00-01-00-01-00-GY",29.50752,-98.581368,"Medical Center",34,93,39,18.08891958437026,64.56005525186647,972,"NA","Normal"
21-04-26 12:45:16,"6dee283d397b9803","ATT","AQM-01-00-01-00-01-00-GY",29.50752,-98.581368,"Medical Center",33,92,39,17.200270587846852,62.960487058124336,972,"NA","Normal"
21-04-26 12:55:20,"6dee283d397b9803","ATT","AQM-01-00-01-00-01-00-GY",29.50752,-98.581368,"Medical Center",34,92,38,17.67584756993522,63.8165256258834,972,"NA","Normal"
21-04-26 13:05:24,"6dee283d397b9803","ATT","AQM-01-00-01-00-01-00-GY",29.50752,-98.581368,"Medical Center",33,91,39,17.200270587846852,62.960487058124336,972,"NA","Normal"
21-04-26 13:15:28,"6dee283d397b9803","ATT","AQM-01-00-01-00-01-00-GY",29.50752,-98.581368,"Medical Center",32,90,40,16.70964510847727,62.07736119525909,972,"NA","Normal"
21-04-26 13:25:33,"6dee283d397b9803","ATT","AQM-01-00-01-00-01-00-GY",29.50752,-98.581368,"Medical Center",30,87,43,16.054130152314467,60.89743427416604,972,"NA","Normal"
21-04-26 13:35:36,"6dee283d397b9803","ATT","AQM-01-00-01-00-01-00-GY",29.50752,-98.581368,"Medical Center",31,87,44,17.317947114644614,63.17230480636031,972,"NA","Normal"
21-04-26 13:45:41,"6dee283d397b9803","ATT","AQM-01-00-01-00-01-00-GY",29.50752,-98.581368,"Medical Center",31,88,43,16.954446436700106,62.51800358606019,972,"NA","Normal"
21-04-26 13:55:44,"6dee283d397b9803","ATT","AQM-01-00-01-00-01-00-GY",29.50752,-98.581368,"Medical Center",29,84,48,16.87780212616561,62.3800438270981,973,"NA","Normal"
21-04-26 14:05:49,"6dee283d397b9803","ATT","AQM-01-00-01-00-01-00-GY",29.50752,-98.581368,"Medical Center",28,82,51,16.918220573662293,62.45279703259213,972,"NA","Normal"
21-04-26 14:15:52,"6dee283d397b9803","ATT","AQM-01-00-01-00-01-00-GY",29.50752,-98.581368,"Medical Center",28,82,53,17.526836412415737,63.54830554234833,973,"NA","Normal"
21-04-26 14:25:57,"6dee283d397b9803","ATT","AQM-01-00-01-00-01-00-GY",29.50752,-98.581368,"Medical Center",27,81,54,16.897146333642652,62.41486340055677,973,"NA","Normal"
21-04-26 14:36:00,"6dee283d397b9803","ATT","AQM-01-00-01-00-01-00-GY",29.50752,-98.581368,"Medical Center",27,81,55,17.187065572381464,62.936718030286634,973,"NA","Normal"
21-04-26 14:46:05,"6dee283d397b9803","ATT","AQM-01-00-01-00-01-00-GY",29.50752,-98.581368,"Medical Center",27,80,58,18.029864633816157,64.45375634086908,973,"NA","Normal"
21-04-26 14:56:08,"6dee283d397b9803","ATT","AQM-01-00-01-00-01-00-GY",29.50752,-98.581368,"Medical Center",26,80,60,17.632036709740795,63.73766607753343,973,"NA","Normal"
21-04-26 15:06:08,"6dee283d397b9803","ATT","AQM-01-00-01-00-01-00-GY",29.50752,-98.581368,"Medical Center",26,79,62,18.153514209842918,64.67632557771725,973,"NA","Normal"
21-04-26 15:16:08,"6dee283d397b9803","ATT","AQM-01-00-01-00-01-00-GY",29.50752,-98.581368,"Medical Center",26,78,64,18.660425412024704,65.58876574164447,973,"NA","Normal"
21-04-26 15:22:02,"6dee283d397b9803","ATT","AQM-01-00-01-00-01-00-GY",29.50752,-98.581368,"Medical Center",25,78,65,17.960599216563505,64.32907858981432,973,"NA","Normal"
21-04-26 15:32:02,"6dee283d397b9803","ATT","AQM-01-00-01-00-01-00-GY",29.50752,-98.581368,"Medical Center",25,77,67,18.44370784221457,65.19867411598622,973,"NA","Normal"
21-04-26 15:42:04,"6dee283d397b9803","ATT","AQM-01-00-01-00-01-00-GY",29.50752,-98.581368,"Medical Center",25,77,67,18.44370784221457,65.19867411598622,973,"NA","Normal"
21-04-26 15:52:04,"6dee283d397b9803","ATT","AQM-01-00-01-00-01-00-GY",29.50752,-98.581368,"Medical Center",25,77,68,18.68053177501818,65.62495719503272,973,"NA","Normal"
21-04-26 16:02:06,"6dee283d397b9803","ATT","AQM-01-00-01-00-01-00-GY",29.50752,-98.581368,"Medical Center",25,76,69,18.914318177850014,66.04577272013003,973,"NA","Normal"
21-04-26 16:12:06,"6dee283d397b9803","ATT","AQM-01-00-01-00-01-00-GY",29.50752,-98.581368,"Medical Center",24,76,70,18.18826814767122,64.73888266580819,973,"NA","Normal"
21-04-26 16:22:06,"6dee283d397b9803","ATT","AQM-01-00-01-00-01-00-GY",29.50752,-98.581368,"Medical Center",24,75,71,18.414562552184417,65.14621259393195,974,"NA","Normal"
21-04-26 16:32:06,"6dee283d397b9803","ATT","AQM-01-00-01-00-01-00-GY",29.50752,-98.581368,"Medical Center",24,75,72,18.638075983909307,65.54853677103675,974,"NA","Normal"
21-04-26 16:42:09,"6dee283d397b9803","ATT","AQM-01-00-01-00-01-00-GY",29.50752,-98.581368,"Medical Center",24,74,74,19.077046748846353,66.33868414792343,974,"NA","Normal"
21-04-26 16:52:09,"6dee283d397b9803","ATT","AQM-01-00-01-00-01-00-GY",29.50752,-98.581368,"Medical Center",23,74,75,18.327511566877888,64.98952082038019,974,"NA","Normal"
21-04-26 17:02:10,"6dee283d397b9803","ATT","AQM-01-00-01-00-01-00-GY",29.50752,-98.581368,"Medical Center",23,74,76,18.539032352084625,65.37025823375232,974,"NA","Normal"
21-04-26 17:12:11,"6dee283d397b9803","ATT","AQM-01-00-01-00-01-00-GY",29.50752,-98.581368,"Medical Center",23,74,76,18.539032352084625,65.37025823375232,975,"NA","Normal"
21-04-26 17:22:12,"6dee283d397b9803","ATT","AQM-01-00-01-00-01-00-GY",29.50752,-98.581368,"Medical Center",23,74,76,18.539032352084625,65.37025823375232,975,"NA","Normal"
21-04-26 17:32:13,"6dee283d397b9803","ATT","AQM-01-00-01-00-01-00-GY",29.50752,-98.581368,"Medical Center",23,73,76,18.539032352084625,65.37025823375232,975,"NA","Normal"
21-04-26 17:42:14,"6dee283d397b9803","ATT","AQM-01-00-01-00-01-00-GY",29.50752,-98.581368,"Medical Center",23,73,76,18.539032352084625,65.37025823375232,974,"NA","Normal"
21-04-26 17:52:14,"6dee283d397b9803","ATT","AQM-01-00-01-00-01-00-GY",29.50752,-98.581368,"Medical Center",23,73,75,18.327511566877888,64.98952082038019,975,"NA","Normal"
21-04-26 18:02:16,"6dee283d397b9803","ATT","AQM-01-00-01-00-01-00-GY",29.50752,-98.581368,"Medical Center",23,73,75,18.327511566877888,64.98952082038019,974,"NA","Normal"
21-04-26 18:12:16,"6dee283d397b9803","ATT","AQM-01-00-01-00-01-00-GY",29.50752,-98.581368,"Medical Center",23,73,76,18.539032352084625,65.37025823375232,975,"NA","Normal"
21-04-26 18:22:18,"6dee283d397b9803","ATT","AQM-01-00-01-00-01-00-GY",29.50752,-98.581368,"Medical Center",23,73,77,18.748123923140785,65.74662306165341,975,"NA","Normal"
21-04-26 18:32:19,"6dee283d397b9803","ATT","AQM-01-00-01-00-01-00-GY",29.50752,-98.581368,"Medical Center",23,73,77,18.748123923140785,65.74662306165341,975,"NA","Normal"
21-04-26 18:42:19,"6dee283d397b9803","ATT","AQM-01-00-01-00-01-00-GY",29.50752,-98.581368,"Medical Center",23,73,77,18.748123923140785,65.74662306165341,975,"NA","Normal"
21-04-26 18:52:20,"6dee283d397b9803","ATT","AQM-01-00-01-00-01-00-GY",29.50752,-98.581368,"Medical Center",23,73,77,18.748123923140785,65.74662306165341,975,"NA","Normal"
21-04-26 19:02:21,"6dee283d397b9803","ATT","AQM-01-00-01-00-01-00-GY",29.50752,-98.581368,"Medical Center",23,73,77,18.748123923140785,65.74662306165341,975,"NA","Normal"
21-04-26 19:12:22,"6dee283d397b9803","ATT","AQM-01-00-01-00-01-00-GY",29.50752,-98.581368,"Medical Center",23,73,78,18.954845451523,66.1187218127414,974,"NA","Normal"
21-04-26 19:22:22,"6dee283d397b9803","ATT","AQM-01-00-01-00-01-00-GY",29.50752,-98.581368,"Medical Center",23,73,78,18.954845451523,66.1187218127414,975,"NA","Normal"